date,condition,subject,trial,target_angle,su,rotation,rt,mt,ep
2025-07-02,mis_rep,5,0,-90.0,1.0,0.0,2008,5806,-3.13
2025-07-02,mis_rep,5,1,30.0,1.0,0.0,2005,660,-0.82
2025-07-02,mis_rep,5,2,150.0,1.0,0.0,2006,734,1.02
2025-07-02,mis_rep,5,3,150.0,1.0,0.0,2007,2623,1.11
2025-07-02,mis_rep,5,4,-120.0,1.0,0.0,2008,715,2.75
2025-07-02,mis_rep,5,5,-90.0,1.0,0.0,2008,565,-3.11
2025-07-02,mis_rep,5,6,120.0,1.0,0.0,2007,422,0.61
2025-07-02,mis_rep,5,7,60.0,1.0,0.0,2008,421,-0.4
2025-07-02,mis_rep,5,8,0.0,1.0,0.0,2010,715,-1.48
2025-07-02,mis_rep,5,9,-30.0,1.0,0.0,2009,412,-2.11
2025-07-02,mis_rep,5,10,90.0,1.0,0.0,2005,368,-0.08
2025-07-02,mis_rep,5,11,-120.0,1.0,0.0,2005,453,2.77
2025-07-02,mis_rep,5,12,0.0,1.0,0.0,2008,433,-1.47
2025-07-02,mis_rep,5,13,-120.0,1.0,0.0,2007,318,2.55
2025-07-02,mis_rep,5,14,-60.0,1.0,0.0,2003,445,-2.6
2025-07-02,mis_rep,5,15,-90.0,1.0,0.0,2007,442,3.13
2025-07-02,mis_rep,5,16,-150.0,1.0,0.0,2004,400,2.34
2025-07-02,mis_rep,5,17,120.0,1.0,0.0,2009,384,0.51
2025-07-02,mis_rep,5,18,30.0,1.0,0.0,2010,427,-0.8
2025-07-02,mis_rep,5,19,-30.0,1.0,0.0,2001,493,-2.15
2025-07-02,mis_rep,5,20,-150.0,1.0,0.0,2003,455,2.13
2025-07-02,mis_rep,5,21,-30.0,1.0,0.0,2010,1475,-2.08
2025-07-02,mis_rep,5,22,90.0,1.0,0.0,2007,1267,0.02
2025-07-02,mis_rep,5,23,90.0,1.0,0.0,2005,402,0.06
2025-07-02,mis_rep,5,24,0.0,1.0,0.0,2008,431,-1.51
2025-07-02,mis_rep,5,25,-150.0,1.0,0.0,2007,340,2.24
2025-07-02,mis_rep,5,26,150.0,1.0,0.0,2008,431,0.98
2025-07-02,mis_rep,5,27,-60.0,1.0,0.0,2007,401,-2.76
2025-07-02,mis_rep,5,28,30.0,1.0,0.0,2009,425,-1.01
2025-07-02,mis_rep,5,29,120.0,1.0,0.0,2008,363,0.48
2025-07-02,mis_rep,5,30,60.0,1.0,0.0,2008,349,-0.42
2025-07-02,mis_rep,5,31,-60.0,1.0,0.0,2009,406,-2.63
2025-07-02,mis_rep,5,32,60.0,1.0,0.0,2001,382,-0.49
2025-07-02,mis_rep,5,33,-120.0,1.0,0.0,2008,508,2.56
2025-07-02,mis_rep,5,34,-60.0,1.0,0.0,2005,443,-2.6
2025-07-02,mis_rep,5,35,-90.0,1.0,0.0,2011,432,3.05
2025-07-02,mis_rep,5,36,-150.0,1.0,0.0,2008,456,1.93
2025-07-02,mis_rep,5,37,150.0,1.0,0.0,2006,474,1.03
2025-07-02,mis_rep,5,38,-90.0,1.0,0.0,2010,526,3.14
2025-07-02,mis_rep,5,39,30.0,1.0,0.0,2009,462,-0.93
2025-07-02,mis_rep,5,40,-120.0,1.0,0.0,2004,381,2.67
2025-07-02,mis_rep,5,41,60.0,1.0,0.0,2007,422,-0.39
2025-07-02,mis_rep,5,42,120.0,1.0,0.0,2010,423,0.57
2025-07-02,mis_rep,5,43,0.0,1.0,0.0,2008,1807,-1.56
2025-07-02,mis_rep,5,44,30.0,1.0,0.0,2009,1787,-1.13
2025-07-02,mis_rep,5,45,-30.0,1.0,0.0,2001,444,-2.28
2025-07-02,mis_rep,5,46,120.0,1.0,0.0,2006,5324,-2.94
2025-07-02,mis_rep,5,47,30.0,1.0,0.0,2007,403,-1.02
2025-07-02,mis_rep,5,48,150.0,1.0,0.0,2001,4144,1.39
2025-07-02,mis_rep,5,49,-120.0,1.0,0.0,2002,410,2.68
2025-07-02,mis_rep,5,50,60.0,1.0,0.0,2003,410,-0.37
2025-07-02,mis_rep,5,51,90.0,1.0,0.0,2005,1521,0.14
2025-07-02,mis_rep,5,52,30.0,1.0,0.0,2010,2860,-0.99
2025-07-02,mis_rep,5,53,-60.0,1.0,0.0,2010,433,-2.66
2025-07-02,mis_rep,5,54,120.0,1.0,0.0,2002,6623,-3.1
2025-07-02,mis_rep,5,55,150.0,1.0,0.0,2011,440,1.32
2025-07-02,mis_rep,5,56,150.0,1.0,0.0,2005,9496,1.85
2025-07-02,mis_rep,5,57,-120.0,1.0,0.0,2006,476,2.59
2025-07-02,mis_rep,5,58,-90.0,1.0,0.0,2009,558,3.13
2025-07-02,mis_rep,5,59,-60.0,1.0,0.0,2005,462,-2.76
2025-07-02,mis_rep,5,60,150.0,1.0,0.0,2003,466,1.06
2025-07-02,mis_rep,5,61,-60.0,1.0,0.0,2010,430,-2.76
2025-07-02,mis_rep,5,62,60.0,1.0,0.0,2010,421,-0.38
2025-07-02,mis_rep,5,63,-30.0,1.0,0.0,2009,1309,-2.36
2025-07-02,mis_rep,5,64,150.0,1.0,0.0,2004,493,1.13
2025-07-02,mis_rep,5,65,0.0,1.0,0.0,2001,503,-1.43
2025-07-02,mis_rep,5,66,60.0,1.0,0.0,2006,410,-0.42
2025-07-02,mis_rep,5,67,-120.0,1.0,0.0,2008,410,2.61
2025-07-02,mis_rep,5,68,-90.0,1.0,0.0,2011,503,-3.07
2025-07-02,mis_rep,5,69,90.0,1.0,0.0,2005,1294,0.03
2025-07-02,mis_rep,5,70,30.0,1.0,0.0,2009,1761,-0.96
2025-07-02,mis_rep,5,71,90.0,1.0,0.0,2008,1433,0.05
2025-07-02,mis_rep,5,72,-30.0,1.0,0.0,2003,1255,-2.24
2025-07-02,mis_rep,5,73,150.0,1.0,0.0,2003,445,0.98
2025-07-02,mis_rep,5,74,120.0,1.0,0.0,2009,5042,0.16
2025-07-02,mis_rep,5,75,90.0,1.0,0.0,2003,494,0.02
2025-07-02,mis_rep,5,76,120.0,1.0,0.0,2001,487,0.7
2025-07-02,mis_rep,5,77,-90.0,1.0,0.0,2003,412,3.08
2025-07-02,mis_rep,5,78,90.0,1.0,0.0,2010,412,0.14
2025-07-02,mis_rep,5,79,-30.0,1.0,0.0,2007,462,-2.07
2025-07-02,mis_rep,5,80,90.0,1.0,0.0,2001,1081,0.07
2025-07-02,mis_rep,5,81,30.0,1.0,0.0,2006,2836,-0.71
2025-07-02,mis_rep,5,82,0.0,1.0,0.0,2002,514,-1.4
2025-07-02,mis_rep,5,83,-60.0,1.0,0.0,2006,495,-2.75
2025-07-02,mis_rep,5,84,60.0,1.0,0.0,2006,4115,-0.37
2025-07-02,mis_rep,5,85,-150.0,1.0,0.0,2004,5542,2.14
2025-07-02,mis_rep,5,86,60.0,1.0,0.0,2006,412,-0.34
2025-07-02,mis_rep,5,87,120.0,1.0,0.0,2006,443,0.61
2025-07-02,mis_rep,5,88,120.0,1.0,0.0,2003,484,0.42
2025-07-02,mis_rep,5,89,-120.0,1.0,0.0,2011,5100,2.62
2025-07-02,mis_rep,5,90,90.0,1.0,0.0,2006,1358,0.06
2025-07-02,mis_rep,5,91,-30.0,1.0,0.0,2006,1633,-2.24
2025-07-02,mis_rep,5,92,-30.0,1.0,0.0,2010,1506,-2.34
2025-07-02,mis_rep,5,93,-60.0,1.0,0.0,2003,1101,-2.84
2025-07-02,mis_rep,5,94,-30.0,1.0,0.0,2004,1160,-2.38
2025-07-02,mis_rep,5,95,-90.0,1.0,0.0,2004,576,3.07
2025-07-02,mis_rep,5,96,60.0,1.0,0.0,2005,4474,-0.5
2025-07-02,mis_rep,5,97,0.0,1.0,0.0,2007,2622,-1.52
2025-07-02,mis_rep,5,98,-90.0,1.0,0.0,2008,467,3.08
2025-07-02,mis_rep,5,99,-60.0,1.0,0.0,2008,492,-2.75
2025-07-02,mis_rep,5,100,150.0,1.0,0.0,2006,5924,-1.96
2025-07-02,mis_rep,5,101,0.0,1.0,0.0,2002,513,-1.48
2025-07-02,mis_rep,5,102,-150.0,1.0,0.0,2002,401,2.43
2025-07-02,mis_rep,5,103,-150.0,1.0,0.0,2002,482,2.19
2025-07-02,mis_rep,5,104,-120.0,1.0,0.0,2001,4185,2.65
2025-07-02,mis_rep,5,105,-30.0,1.0,0.0,2006,1590,-2.24
2025-07-02,mis_rep,5,106,0.0,1.0,0.0,2005,498,-1.54
2025-07-02,mis_rep,5,107,0.0,1.0,0.0,2004,466,-1.54
2025-07-02,mis_rep,5,108,-150.0,1.0,0.0,2001,3224,2.05
2025-07-02,mis_rep,5,109,-120.0,1.0,0.0,2009,501,2.56
2025-07-02,mis_rep,5,110,0.0,1.0,0.0,2001,465,-1.55
2025-07-02,mis_rep,5,111,90.0,1.0,0.0,2002,401,-0.01
2025-07-02,mis_rep,5,112,-150.0,1.0,0.0,2001,394,2.22
2025-07-02,mis_rep,5,113,30.0,1.0,0.0,2003,464,-0.83
2025-07-02,mis_rep,5,114,-60.0,1.0,0.0,2009,453,-2.79
2025-07-02,mis_rep,5,115,120.0,1.0,0.0,2007,446,0.49
2025-07-02,mis_rep,5,116,-150.0,1.0,0.0,2007,453,2.21
2025-07-02,mis_rep,5,117,-30.0,1.0,0.0,2004,451,-2.31
2025-07-02,mis_rep,5,118,-90.0,1.0,0.0,2003,462,3.12
2025-07-02,mis_rep,5,119,120.0,1.0,0.0,2008,441,0.4
2025-07-02,mis_rep,5,120,30.0,1.0,0.0,2005,1284,-0.89
2025-07-02,mis_rep,5,121,-150.0,1.0,0.0,2002,501,2.23
2025-07-02,mis_rep,5,122,-150.0,1.0,0.0,2003,12762,-0.59
2025-07-02,mis_rep,5,123,-120.0,1.0,0.0,2003,413,2.67
2025-07-02,mis_rep,5,124,-150.0,1.0,0.0,2005,411,2.09
2025-07-02,mis_rep,5,125,150.0,1.0,0.0,2003,415,0.8
2025-07-02,mis_rep,5,126,-30.0,1.0,0.0,2009,4844,-2.43
2025-07-02,mis_rep,5,127,90.0,1.0,0.0,2010,1436,0.03
2025-07-02,mis_rep,5,128,60.0,1.0,0.0,2010,466,-0.42
2025-07-02,mis_rep,5,129,0.0,1.0,0.0,2010,1331,-1.68
2025-07-02,mis_rep,5,130,150.0,1.0,0.0,2009,434,0.97
2025-07-02,mis_rep,5,131,30.0,1.0,0.0,2007,417,-0.92
2025-07-02,mis_rep,5,132,150.0,1.0,0.0,2004,468,0.98
2025-07-02,mis_rep,5,133,30.0,1.0,0.0,2004,391,-0.81
2025-07-02,mis_rep,5,134,150.0,1.0,0.0,2005,517,1.04
2025-07-02,mis_rep,5,135,150.0,1.0,0.0,2006,12380,1.03
2025-07-02,mis_rep,5,136,-90.0,1.0,0.0,2007,442,3.05
2025-07-02,mis_rep,5,137,90.0,1.0,0.0,2002,419,0.07
2025-07-02,mis_rep,5,138,-120.0,1.0,0.0,2009,459,2.49
2025-07-02,mis_rep,5,139,30.0,1.0,0.0,2001,476,-1.04
2025-07-02,mis_rep,5,140,60.0,1.0,0.0,2002,3971,-0.59
2025-07-02,mis_rep,5,141,-60.0,1.0,0.0,2002,2609,-2.91
2025-07-02,mis_rep,5,142,60.0,1.0,0.0,2003,1332,-0.49
2025-07-02,mis_rep,5,143,30.0,1.0,0.0,2010,3325,-1.21
2025-07-02,mis_rep,5,144,90.0,1.0,0.0,2005,456,-0.01
2025-07-02,mis_rep,5,145,0.0,1.0,0.0,2007,447,-1.64
2025-07-02,mis_rep,5,146,60.0,1.0,0.0,2006,413,-0.44
2025-07-02,mis_rep,5,147,60.0,1.0,0.0,2002,437,-0.58
2025-07-02,mis_rep,5,148,-60.0,1.0,0.0,2005,498,-2.78
2025-07-02,mis_rep,5,149,-120.0,1.0,0.0,2006,11183,2.59
2025-07-02,mis_rep,5,150,120.0,1.0,0.0,2009,444,0.44
2025-07-02,mis_rep,5,151,120.0,1.0,0.0,2006,429,0.42
2025-07-02,mis_rep,5,152,-60.0,1.0,0.0,2008,413,-2.66
2025-07-02,mis_rep,5,153,-90.0,1.0,0.0,2002,396,3.1
2025-07-02,mis_rep,5,154,120.0,1.0,0.0,2005,402,0.42
2025-07-02,mis_rep,5,155,-150.0,1.0,0.0,2007,395,2.08
2025-07-02,mis_rep,5,156,30.0,1.0,0.0,2003,419,-0.89
2025-07-02,mis_rep,5,157,-90.0,1.0,0.0,2009,422,3.12
2025-07-02,mis_rep,5,158,150.0,1.0,0.0,2009,1211,1.13
2025-07-02,mis_rep,5,159,-150.0,1.0,0.0,2007,429,2.28
2025-07-02,mis_rep,5,160,-120.0,1.0,0.0,2003,388,2.53
2025-07-02,mis_rep,5,161,60.0,1.0,0.0,2007,416,-0.47
2025-07-02,mis_rep,5,162,-150.0,1.0,0.0,2008,417,2.16
2025-07-02,mis_rep,5,163,-30.0,1.0,0.0,2007,459,-2.37
2025-07-02,mis_rep,5,164,90.0,1.0,0.0,2009,395,-0.03
2025-07-02,mis_rep,5,165,30.0,1.0,0.0,2009,463,-0.94
2025-07-02,mis_rep,5,166,0.0,1.0,0.0,2002,457,-1.39
2025-07-02,mis_rep,5,167,-60.0,1.0,0.0,2001,441,-2.78
2025-07-02,mis_rep,5,168,60.0,1.0,0.0,2009,1336,-0.5
2025-07-02,mis_rep,5,169,-60.0,1.0,0.0,2009,435,-2.69
2025-07-02,mis_rep,5,170,-150.0,1.0,0.0,2003,450,2.08
2025-07-02,mis_rep,5,171,-150.0,1.0,0.0,2006,432,2.24
2025-07-02,mis_rep,5,172,90.0,1.0,0.0,2001,389,-0.07
2025-07-02,mis_rep,5,173,30.0,1.0,0.0,2002,476,-0.98
2025-07-02,mis_rep,5,174,150.0,1.0,0.0,2003,399,0.73
2025-07-02,mis_rep,5,175,-30.0,1.0,0.0,2002,474,-2.15
2025-07-02,mis_rep,5,176,90.0,1.0,0.0,2009,391,-0.09
2025-07-02,mis_rep,5,177,-60.0,1.0,0.0,2008,451,-2.66
2025-07-02,mis_rep,5,178,90.0,1.0,0.0,2003,412,0.03
2025-07-02,mis_rep,5,179,0.0,1.0,0.0,2006,445,-1.58
2025-07-02,mis_rep,5,180,-30.0,1.0,0.0,2006,430,-2.03
2025-07-02,mis_rep,5,181,-30.0,1.0,0.0,2002,1249,-2.41
2025-07-02,mis_rep,5,182,120.0,1.0,0.0,2004,501,0.59
2025-07-02,mis_rep,5,183,-60.0,1.0,0.0,2004,491,-2.62
2025-07-02,mis_rep,5,184,-30.0,1.0,0.0,2002,449,-2.1
2025-07-02,mis_rep,5,185,-150.0,1.0,0.0,2005,6866,2.28
2025-07-02,mis_rep,5,186,-120.0,1.0,0.0,2008,385,2.49
2025-07-02,mis_rep,5,187,60.0,1.0,0.0,2007,420,-0.39
2025-07-02,mis_rep,5,188,-90.0,1.0,0.0,2002,385,3.02
2025-07-02,mis_rep,5,189,150.0,1.0,0.0,2004,431,0.91
2025-07-02,mis_rep,5,190,120.0,1.0,0.0,2004,1381,0.58
2025-07-02,mis_rep,5,191,30.0,1.0,0.0,2010,479,-0.91
2025-07-02,mis_rep,5,192,60.0,1.0,0.0,2004,1325,-0.51
2025-07-02,mis_rep,5,193,30.0,1.0,0.0,2006,486,-1.08
2025-07-02,mis_rep,5,194,0.0,1.0,0.0,2006,435,-1.71
2025-07-02,mis_rep,5,195,60.0,1.0,0.0,2009,1516,-0.5
2025-07-02,mis_rep,5,196,-30.0,1.0,0.0,2003,469,-2.17
2025-07-02,mis_rep,5,197,-60.0,1.0,0.0,2004,436,-2.76
2025-07-02,mis_rep,5,198,-90.0,1.0,0.0,2009,457,3.14
2025-07-02,mis_rep,5,199,-90.0,1.0,0.0,2003,457,-3.13
2025-07-02,mis_rep,5,200,-90.0,1.0,0.0,2005,466,-3.13
2025-07-02,mis_rep,5,201,150.0,1.0,0.0,2006,464,0.9
2025-07-02,mis_rep,5,202,0.0,1.0,0.0,2011,496,-1.47
2025-07-02,mis_rep,5,203,30.0,1.0,0.0,2001,455,-0.65
2025-07-02,mis_rep,5,204,-120.0,1.0,0.0,2003,437,2.66
2025-07-02,mis_rep,5,205,0.0,1.0,0.0,2004,458,-1.43
2025-07-02,mis_rep,5,206,0.0,1.0,0.0,2010,423,-1.54
2025-07-02,mis_rep,5,207,90.0,1.0,0.0,2004,423,0.05
2025-07-02,mis_rep,5,208,150.0,1.0,0.0,2007,449,0.91
2025-07-02,mis_rep,5,209,-150.0,1.0,0.0,2003,444,2.23
2025-07-02,mis_rep,5,210,120.0,1.0,0.0,2005,470,0.5
2025-07-02,mis_rep,5,211,-30.0,1.0,0.0,2007,490,-2.16
2025-07-02,mis_rep,5,212,-120.0,1.0,0.0,2002,1429,2.77
2025-07-02,mis_rep,5,213,-120.0,1.0,0.0,2004,1760,2.6
2025-07-02,mis_rep,5,214,120.0,1.0,0.0,2005,465,0.49
2025-07-02,mis_rep,5,215,-90.0,1.0,0.0,2009,409,3.1
2025-07-02,mis_rep,5,216,90.0,1.0,0.0,2011,441,0.05
2025-07-02,mis_rep,5,217,120.0,1.0,0.0,2002,406,0.45
2025-07-02,mis_rep,5,218,0.0,1.0,0.0,2003,448,-1.51
2025-07-02,mis_rep,5,219,120.0,1.0,0.0,2008,1291,0.48
2025-07-02,mis_rep,5,220,90.0,1.0,0.0,2008,385,-0.02
2025-07-02,mis_rep,5,221,-90.0,1.0,0.0,2008,407,-3.12
2025-07-02,mis_rep,5,222,-60.0,1.0,0.0,2002,479,-2.79
2025-07-02,mis_rep,5,223,-30.0,1.0,0.0,2009,474,-2.08
2025-07-02,mis_rep,5,224,0.0,1.0,0.0,2001,1140,-1.62
2025-07-02,mis_rep,5,225,-120.0,1.0,0.0,2003,433,2.62
2025-07-02,mis_rep,5,226,-150.0,1.0,0.0,2010,447,1.94
2025-07-02,mis_rep,5,227,-90.0,1.0,0.0,2001,418,3.12
2025-07-02,mis_rep,5,228,60.0,1.0,0.0,2003,436,-0.49
2025-07-02,mis_rep,5,229,-120.0,1.0,0.0,2003,388,2.7
2025-07-02,mis_rep,5,230,-60.0,1.0,0.0,2010,433,-2.76
2025-07-02,mis_rep,5,231,0.0,1.0,0.52,2002,453,-2.06
2025-07-02,mis_rep,5,232,0.0,1.0,0.52,2010,429,-2.0
2025-07-02,mis_rep,5,233,0.0,1.0,0.52,2011,468,-2.01
2025-07-02,mis_rep,5,234,0.0,1.0,0.52,2010,440,-1.98
2025-07-02,mis_rep,5,235,0.0,1.0,0.52,2007,508,-1.85
2025-07-02,mis_rep,5,236,0.0,1.0,0.52,2003,451,-1.88
2025-07-02,mis_rep,5,237,0.0,1.0,0.52,2008,518,-1.67
2025-07-02,mis_rep,5,238,0.0,1.0,0.52,2006,497,-1.8
2025-07-02,mis_rep,5,239,0.0,1.0,0.52,2001,531,-1.84
2025-07-02,mis_rep,5,240,0.0,1.0,0.52,2010,3301,-1.53
2025-07-02,mis_rep,5,241,0.0,1.0,0.52,2002,1816,-1.65
2025-07-02,mis_rep,5,242,0.0,1.0,0.52,2007,577,-1.62
2025-07-02,mis_rep,5,243,0.0,1.0,0.52,2005,983,-1.09
2025-07-02,mis_rep,5,244,0.0,1.0,0.52,2008,549,-0.98
2025-07-02,mis_rep,5,245,0.0,1.0,0.52,2009,473,-1.19
2025-07-02,mis_rep,5,246,0.0,1.0,0.52,2008,456,-0.85
2025-07-02,mis_rep,5,247,0.0,1.0,0.52,2007,510,-1.41
2025-07-02,mis_rep,5,248,0.0,1.0,0.52,2005,512,-1.15
2025-07-02,mis_rep,5,249,0.0,1.0,0.52,2002,517,-1.11
2025-07-02,mis_rep,5,250,0.0,1.0,0.52,2002,422,-1.16
2025-07-02,mis_rep,5,251,0.0,1.0,0.52,2005,406,-1.11
2025-07-02,mis_rep,5,252,0.0,1.0,0.52,2003,438,-1.03
2025-07-02,mis_rep,5,253,0.0,1.0,0.52,2004,498,-1.12
2025-07-02,mis_rep,5,254,0.0,1.0,0.52,2008,446,-1.04
2025-07-02,mis_rep,5,255,0.0,1.0,0.52,2010,457,-1.07
2025-07-02,mis_rep,5,256,0.0,1.0,0.52,2006,436,-1.11
2025-07-02,mis_rep,5,257,0.0,1.0,0.52,2003,503,-1.05
2025-07-02,mis_rep,5,258,0.0,1.0,0.52,2004,465,-1.01
2025-07-02,mis_rep,5,259,0.0,1.0,0.52,2003,438,-1.19
2025-07-02,mis_rep,5,260,0.0,1.0,0.52,2010,381,-1.09
2025-07-02,mis_rep,5,261,0.0,1.0,0.52,2003,405,-1.1
2025-07-02,mis_rep,5,262,0.0,1.0,0.52,2009,391,-1.01
2025-07-02,mis_rep,5,263,0.0,1.0,0.52,2002,550,-1.23
2025-07-02,mis_rep,5,264,0.0,1.0,0.52,2005,433,-1.01
2025-07-02,mis_rep,5,265,0.0,1.0,0.52,2011,478,-1.13
2025-07-02,mis_rep,5,266,0.0,1.0,0.52,2009,376,-1.04
2025-07-02,mis_rep,5,267,0.0,1.0,0.52,2004,400,-1.18
2025-07-02,mis_rep,5,268,0.0,1.0,0.52,2004,502,-1.02
2025-07-02,mis_rep,5,269,0.0,1.0,0.52,2002,438,-1.13
2025-07-02,mis_rep,5,270,0.0,1.0,0.52,2009,529,-1.04
2025-07-02,mis_rep,5,271,0.0,1.0,0.52,2010,375,-1.07
2025-07-02,mis_rep,5,272,0.0,1.0,0.52,2005,416,-1.1
2025-07-02,mis_rep,5,273,0.0,1.0,0.52,2004,361,-0.94
2025-07-02,mis_rep,5,274,0.0,1.0,0.52,2006,454,-1.21
2025-07-02,mis_rep,5,275,0.0,1.0,0.52,2001,443,-1.04
2025-07-02,mis_rep,5,276,0.0,1.0,0.52,2010,366,-1.1
2025-07-02,mis_rep,5,277,0.0,1.0,0.52,2009,389,-1.07
2025-07-02,mis_rep,5,278,0.0,1.0,0.52,2006,384,-1.1
2025-07-02,mis_rep,5,279,0.0,1.0,0.52,2005,465,-1.08
2025-07-02,mis_rep,5,280,0.0,1.0,0.52,2007,387,-0.98
2025-07-02,mis_rep,5,281,0.0,1.0,0.52,2003,389,-1.16
2025-07-02,mis_rep,5,282,0.0,1.0,0.52,2002,389,-1.06
2025-07-02,mis_rep,5,283,0.0,1.0,0.52,2004,364,-1.05
2025-07-02,mis_rep,5,284,0.0,1.0,0.52,2007,422,-1.05
2025-07-02,mis_rep,5,285,0.0,1.0,0.52,2003,395,-0.99
2025-07-02,mis_rep,5,286,0.0,1.0,0.52,2010,424,-1.05
2025-07-02,mis_rep,5,287,0.0,1.0,0.52,2010,374,-1.06
2025-07-02,mis_rep,5,288,0.0,1.0,0.52,2003,365,-1.04
2025-07-02,mis_rep,5,289,0.0,1.0,0.52,2003,543,-1.04
2025-07-02,mis_rep,5,290,0.0,1.0,0.52,2003,456,-1.15
2025-07-02,mis_rep,5,291,0.0,1.0,0.52,2004,372,-0.98
2025-07-02,mis_rep,5,292,0.0,1.0,0.52,2009,370,-1.01
2025-07-02,mis_rep,5,293,0.0,1.0,0.52,2007,423,-1.17
2025-07-02,mis_rep,5,294,0.0,1.0,0.52,2009,340,-1.07
2025-07-02,mis_rep,5,295,0.0,1.0,0.52,2011,343,-1.03
2025-07-02,mis_rep,5,296,0.0,1.0,0.52,2005,404,-1.08
2025-07-02,mis_rep,5,297,0.0,1.0,0.52,2003,428,-1.08
2025-07-02,mis_rep,5,298,0.0,1.0,0.52,2005,355,-1.04
2025-07-02,mis_rep,5,299,0.0,1.0,0.52,2001,403,-1.07
2025-07-02,mis_rep,5,300,0.0,1.0,0.52,2005,438,-1.03
2025-07-02,mis_rep,5,301,0.0,1.0,0.52,2005,443,-1.2
2025-07-02,mis_rep,5,302,0.0,1.0,0.52,2003,398,-1.03
2025-07-02,mis_rep,5,303,0.0,1.0,0.52,2008,392,-1.12
2025-07-02,mis_rep,5,304,0.0,1.0,0.52,2006,379,-1.1
2025-07-02,mis_rep,5,305,0.0,1.0,0.52,2010,407,-1.04
2025-07-02,mis_rep,5,306,0.0,1.0,0.52,2005,378,-1.09
2025-07-02,mis_rep,5,307,0.0,1.0,0.52,2003,417,-1.09
2025-07-02,mis_rep,5,308,0.0,1.0,0.52,2006,383,-1.18
2025-07-02,mis_rep,5,309,0.0,1.0,0.52,2011,437,-1.21
2025-07-02,mis_rep,5,310,0.0,1.0,0.52,2010,358,-1.0
2025-07-02,mis_rep,5,311,0.0,1.0,0.52,2001,433,-1.14
2025-07-02,mis_rep,5,312,0.0,1.0,0.52,2011,373,-0.94
2025-07-02,mis_rep,5,313,0.0,1.0,0.52,2002,441,-1.1
2025-07-02,mis_rep,5,314,0.0,1.0,0.52,2007,343,-0.92
2025-07-02,mis_rep,5,315,0.0,1.0,0.52,2011,360,-1.13
2025-07-02,mis_rep,5,316,0.0,1.0,0.52,2005,3057,-0.99
2025-07-02,mis_rep,5,317,0.0,1.0,0.52,2010,398,-1.08
2025-07-02,mis_rep,5,318,0.0,1.0,0.52,2007,403,-1.05
2025-07-02,mis_rep,5,319,0.0,1.0,0.52,2006,374,-1.07
2025-07-02,mis_rep,5,320,0.0,1.0,0.52,2012,375,-1.13
2025-07-02,mis_rep,5,321,0.0,1.0,0.52,2001,369,-1.13
2025-07-02,mis_rep,5,322,0.0,1.0,0.52,2005,354,-1.13
2025-07-02,mis_rep,5,323,0.0,1.0,0.52,2008,388,-1.1
2025-07-02,mis_rep,5,324,0.0,1.0,0.52,2005,406,-1.02
2025-07-02,mis_rep,5,325,0.0,1.0,0.52,2001,353,-1.1
2025-07-02,mis_rep,5,326,0.0,1.0,0.52,2006,364,-1.02
2025-07-02,mis_rep,5,327,0.0,1.0,0.52,2008,385,-1.14
2025-07-02,mis_rep,5,328,0.0,1.0,0.52,2001,395,-1.17
2025-07-02,mis_rep,5,329,0.0,1.0,0.52,2002,336,-1.09
2025-07-02,mis_rep,5,330,0.0,1.0,0.52,2009,376,-1.07
2025-07-02,mis_rep,5,331,0.0,1.0,0.52,2010,442,-1.23
2025-07-02,mis_rep,5,332,0.0,1.0,0.52,2002,363,-1.06
2025-07-02,mis_rep,5,333,0.0,1.0,0.52,2003,392,-1.11
2025-07-02,mis_rep,5,334,0.0,1.0,0.52,2007,393,-1.06
2025-07-02,mis_rep,5,335,0.0,1.0,0.52,2009,409,-1.05
2025-07-02,mis_rep,5,336,0.0,1.0,0.52,2005,433,-1.07
2025-07-02,mis_rep,5,337,0.0,1.0,0.52,2005,375,-1.06
2025-07-02,mis_rep,5,338,0.0,1.0,0.52,2005,364,-1.05
2025-07-02,mis_rep,5,339,0.0,1.0,0.52,2005,362,-1.04
2025-07-02,mis_rep,5,340,0.0,1.0,0.52,2008,322,-1.08
2025-07-02,mis_rep,5,341,-150.0,1.0,0.52,2008,494,1.64
2025-07-02,mis_rep,5,342,90.0,1.0,0.52,2002,384,-0.45
2025-07-02,mis_rep,5,343,-60.0,1.0,0.52,2007,436,3.1
2025-07-02,mis_rep,5,344,150.0,1.0,0.52,2002,434,0.46
2025-07-02,mis_rep,5,345,-90.0,1.0,0.52,2005,430,2.65
2025-07-02,mis_rep,5,346,0.0,1.0,0.52,2008,472,-1.84
2025-07-02,mis_rep,5,347,120.0,1.0,0.52,2010,462,-0.04
2025-07-02,mis_rep,5,348,-30.0,1.0,0.52,2004,489,-2.61
2025-07-02,mis_rep,5,349,30.0,1.0,0.52,2001,446,-1.22
2025-07-02,mis_rep,5,350,-120.0,1.0,0.52,2002,438,1.94
2025-07-02,mis_rep,5,351,60.0,1.0,0.52,2002,402,-0.91
2025-07-02,mis_rep,5,352,-90.0,1.0,0.52,2007,383,2.63
2025-07-02,mis_rep,5,353,120.0,1.0,0.52,2008,409,-0.07
2025-07-02,mis_rep,5,354,150.0,1.0,0.52,2010,9540,0.76
2025-07-02,mis_rep,5,355,60.0,1.0,0.52,2009,434,-0.97
2025-07-02,mis_rep,5,356,-60.0,1.0,0.52,2004,455,2.95
2025-07-02,mis_rep,5,357,30.0,1.0,0.52,2010,450,-1.28
2025-07-02,mis_rep,5,358,-150.0,1.0,0.52,2011,458,1.55
2025-07-02,mis_rep,5,359,90.0,1.0,0.52,2010,406,-0.46
2025-07-02,mis_rep,5,360,-120.0,1.0,0.52,2005,415,2.11
2025-07-02,mis_rep,5,361,-30.0,1.0,0.52,2003,490,-2.5
2025-07-02,mis_rep,5,362,0.0,1.0,0.52,2007,466,-1.88
2025-07-02,mis_rep,5,363,-150.0,1.0,0.52,2002,513,1.56
2025-07-02,mis_rep,5,364,150.0,1.0,0.52,2006,469,0.34
2025-07-02,mis_rep,5,365,30.0,1.0,0.52,2006,470,-1.33
2025-07-02,mis_rep,5,366,-60.0,1.0,0.52,2009,4801,3.06
2025-07-02,mis_rep,5,367,-120.0,1.0,0.52,2007,465,2.05
2025-07-02,mis_rep,5,368,0.0,1.0,0.52,2006,486,-1.96
2025-07-02,mis_rep,5,369,90.0,1.0,0.52,2006,457,-0.51
2025-07-02,mis_rep,5,370,-90.0,1.0,0.52,2009,455,2.57
2025-07-02,mis_rep,5,371,-30.0,1.0,0.52,2008,3851,-2.69
2025-07-02,mis_rep,5,372,120.0,1.0,0.52,2004,436,0.04
2025-07-02,mis_rep,5,373,60.0,1.0,0.52,2003,425,-0.84
2025-07-02,mis_rep,5,374,-150.0,1.0,0.52,2002,452,1.64
2025-07-02,mis_rep,5,375,-30.0,1.0,0.52,2005,460,-2.58
2025-07-02,mis_rep,5,376,120.0,1.0,0.52,2010,427,-0.01
2025-07-02,mis_rep,5,377,60.0,1.0,0.52,2006,462,-0.9
2025-07-02,mis_rep,5,378,30.0,1.0,0.52,2010,453,-1.17
2025-07-02,mis_rep,5,379,-90.0,1.0,0.52,2001,450,2.56
2025-07-02,mis_rep,5,380,0.0,1.0,0.52,2006,502,-1.85
2025-07-02,mis_rep,5,381,-120.0,1.0,0.52,2002,512,1.9
2025-07-02,mis_rep,5,382,150.0,1.0,0.52,2008,466,0.43
2025-07-02,mis_rep,5,383,90.0,1.0,0.52,2006,429,-0.43
2025-07-02,mis_rep,5,384,-60.0,1.0,0.52,2008,438,-3.12
2025-07-02,mis_rep,5,385,-120.0,1.0,0.52,2009,543,2.12
2025-07-02,mis_rep,5,386,30.0,1.0,0.52,2001,468,-1.34
2025-07-02,mis_rep,5,387,0.0,1.0,0.52,2003,457,-1.92
2025-07-02,mis_rep,5,388,-90.0,1.0,0.52,2003,435,2.58
2025-07-02,mis_rep,5,389,60.0,1.0,0.52,2005,520,-0.91
2025-07-02,mis_rep,5,390,90.0,1.0,0.52,2005,404,-0.44
2025-07-02,mis_rep,5,391,-60.0,1.0,0.52,2001,521,3.11
2025-07-02,mis_rep,5,392,120.0,1.0,0.52,2008,447,-0.03
2025-07-02,mis_rep,5,393,-150.0,1.0,0.52,2004,544,1.81
2025-07-02,mis_rep,5,394,-30.0,1.0,0.52,2002,3487,-2.76
2025-07-02,mis_rep,5,395,150.0,1.0,0.52,2003,511,0.52
2025-07-02,mis_rep,5,396,-150.0,1.0,0.52,2001,478,1.64
2025-07-02,mis_rep,5,397,-120.0,1.0,0.52,2011,468,1.98
2025-07-02,mis_rep,5,398,120.0,1.0,0.52,2007,454,-0.11
2025-07-02,mis_rep,5,399,30.0,1.0,0.52,2001,477,-1.25
2025-07-02,mis_rep,5,400,150.0,1.0,0.52,2002,470,0.41
2025-07-02,mis_rep,5,401,-60.0,1.0,0.52,2004,475,3.03
2025-07-02,mis_rep,5,402,-30.0,1.0,0.52,2005,3450,-2.6
2025-07-02,mis_rep,5,403,60.0,1.0,0.52,2003,396,-0.85
2025-07-02,mis_rep,5,404,-90.0,1.0,0.52,2006,440,2.61
2025-07-02,mis_rep,5,405,90.0,1.0,0.52,2011,403,-0.49
2025-07-02,mis_rep,5,406,0.0,1.0,0.52,2006,3497,-1.87
